{
  "5469:3154":{"name":"filter","id":"5469:3154","key":"","file":"gTaV6nOPiDx0F3c7WHPME3","description":"","width":24,"height":24,"image":"https://s3-us-west-2.amazonaws.com/figma-alpha-api/img/38de/755f/db543710b1d44e8ebd82665d69e83b58"},
  "5469:3072":{"name":"image","id":"5469:3072","key":"","file":"gTaV6nOPiDx0F3c7WHPME3","description":"","width":24,"height":24,"image":"https://s3-us-west-2.amazonaws.com/figma-alpha-api/img/e3ba/6566/bdd6e8743cb31e5450e63453dc8ef4a2"},
  "5469:3155":{"name":"circle","id":"5469:3155","key":"","file":"gTaV6nOPiDx0F3c7WHPME3","description":"","width":24,"height":24,"image":"https://s3-us-west-2.amazonaws.com/figma-alpha-api/img/a3ec/9360/eb8f16bcc262f73ca7b2e4040735d18a"}
}